id,user_id,amount,money,payment_method,create_time,complete_time,status
id,user_id,amount,money,payment_method,create_time,complete_time,status
1,2,1,1,wxpay,1767674621,0,success
2,1,1,1,alipay,1767676757,0,pending
3,1,1,1,wxpay,1767676951,0,pending
4,2,1,1,alipay,1770955360,0,success
5,143,1,1,alipay,1770970486,0,pending
6,82,20,20,wxpay,1770973593,0,success
7,82,50,50,wxpay,1770983795,0,success
8,82,10,10,wxpay,1770993787,0,success
9,2,1,1,alipay,1770994427,0,pending
10,2,1,1,alipay,1770994470,0,pending
11,82,10,10,wxpay,1770995137,0,success
12,17,500,500,wxpay,1771002685,0,pending
13,82,10,10,wxpay,1771035571,0,success
14,82,20,20,wxpay,1771037909,0,success
15,82,10,10,alipay,1771065104,0,success
16,82,10,10,alipay,1771070735,0,success
17,82,10,10,alipay,1771075389,0,success
18,82,6,6,alipay,1771077937,0,success
19,23,30,30,alipay,1771090722,0,pending
20,23,27,27,alipay,1771090869,0,success
21,82,18,18,wxpay,1771126109,0,success
22,82,10,10,wxpay,1771131911,0,success
23,209,10,10,wxpay,1771132978,0,success
24,82,10,10,wxpay,1771135749,0,success
25,209,50,50,wxpay,1771143783,0,success
26,139,1,1,wxpay,1771154206,0,pending
27,209,50,50,wxpay,1771159818,0,success
28,82,10,10,wxpay,1771162824,0,success
29,23,30,30,alipay,1771178371,0,success
30,1,10,10,wxpay,1771195293,0,pending
31,1,10,10,alipay,1771195302,0,pending
32,209,50,50,wxpay,1771198856,0,success
33,82,17,17,wxpay,1771202377,0,success
34,210,10,10,alipay,1771210008,0,success
35,82,50,50,wxpay,1771211015,0,success
36,82,2,2,wxpay,1771224108,0,success
37,209,40,40,wxpay,1771256553,0,success
38,23,30,30,alipay,1771263854,0,success
39,23,10,10,alipay,1771277303,0,success
40,209,20,20,wxpay,1771314152,0,success
41,209,10,10,wxpay,1771318628,0,success
42,215,10,10,alipay,1771366491,0,success
43,82,10,10,alipay,1771380973,0,success
44,82,10,10,alipay,1771383869,0,success
45,82,50,50,alipay,1771392168,0,success
46,212,10,10,alipay,1771406304,0,success
47,209,10,10,wxpay,1771417106,0,pending
48,217,10,10,wxpay,1771421832,0,pending
49,217,10,10,alipay,1771421989,0,success
50,215,10,10,alipay,1771431021,0,success
51,182,10,10,wxpay,1771461892,0,success
52,82,20,20,alipay,1771489663,0,success
53,82,20,20,alipay,1771499303,0,success
54,212,2,2,alipay,1771504661,0,success
55,82,10,10,alipay,1771511671,0,success
56,82,5,5,alipay,1771512991,0,success
57,82,10,10,alipay,1771513582,0,success
58,82,3,3,alipay,1771515040,0,success
59,82,10,10,alipay,1771551980,0,success
60,82,10,10,alipay,1771553693,0,success
61,82,10,10,alipay,1771554812,0,success
62,82,10,10,alipay,1771556550,0,success
63,215,25,25,alipay,1771569667,0,success
64,221,10,10,wxpay,1771572018,0,success
65,221,10,10,wxpay,1771573907,0,success
66,85,10,10,wxpay,1771576579,0,success
67,82,20,20,alipay,1771594979,0,success
68,182,10,10,wxpay,1771641201,0,pending
69,182,10,10,wxpay,1771641214,0,pending
70,182,10,10,wxpay,1771650606,0,success
71,223,10,10,wxpay,1771672330,0,success
72,82,10,10,wxpay,1771676061,0,success
73,82,10,10,alipay,1771678494,0,success
74,82,10,10,alipay,1771681558,0,success
75,212,8,8,wxpay,1771753318,0,success
76,227,10,10,wxpay,1771781593,0,success
77,229,100,100,wxpay,1771784337,0,success
78,23,23,23,alipay,1771786801,0,success
79,234,10,10,wxpay,1771826906,0,pending
80,234,10,10,wxpay,1771827484,0,success
81,82,20,20,alipay,1771843860,0,success
82,82,50,50,alipay,1771851504,0,success
83,82,50,50,alipay,1771895001,0,success
84,82,50,50,alipay,1771901934,0,success
85,182,10,10,wxpay,1771902417,0,success
86,82,50,50,alipay,1771914373,0,success
87,241,10,10,wxpay,1771920941,0,success
88,82,27,27,alipay,1771923157,0,success
89,82,50,50,alipay,1771937210,0,success
90,245,10,10,wxpay,1771955443,0,success
91,23,20,20,alipay,1771961505,0,success
92,245,10,10,wxpay,1771961695,0,success
93,82,50,50,alipay,1771990655,0,success
94,245,10,10,wxpay,1771998338,0,success
95,245,10,10,wxpay,1772005248,0,success
96,107,50,50,wxpay,1772007365,0,success
97,245,10,10,wxpay,1772011673,0,success
98,82,20,20,alipay,1772013549,0,success
99,82,20,20,alipay,1772021232,0,success
100,82,10,10,alipay,1772028951,0,success
101,245,50,50,wxpay,1772033925,0,success
102,237,10,10,alipay,1772034839,0,pending
103,229,100,100,wxpay,1772065001,0,success
104,82,10,10,alipay,1772068116,0,success
105,255,10,10,wxpay,1772069676,0,success
106,82,50,50,alipay,1772072001,0,success
107,245,30,30,wxpay,1772090044,0,success
108,82,50,50,alipay,1772107366,0,success
109,245,20,20,wxpay,1772110559,0,success
110,245,30,30,wxpay,1772120314,0,success
111,82,50,50,alipay,1772159974,0,success
112,245,30,30,wxpay,1772161540,0,pending
113,245,30,30,wxpay,1772161885,0,success
114,245,20,20,wxpay,1772173991,0,success
115,82,21,21,alipay,1772175589,0,success
116,276,100,100,alipay,1772177708,0,success
117,82,20,20,alipay,1772184404,0,success
118,245,20,20,wxpay,1772188795,0,success
119,182,10,10,wxpay,1772194429,0,success
120,82,50,50,alipay,1772194955,0,success
121,245,30,30,wxpay,1772207687,0,success
122,245,30,30,wxpay,1772219765,0,pending
123,245,50,50,wxpay,1772220068,0,success
124,76,1,1,wxpay,1772221329,0,success
125,245,20,20,wxpay,1772254430,0,success
126,293,10,10,wxpay,1772261583,0,success
127,245,30,30,wxpay,1772263869,0,success
128,297,100,100,wxpay,1772264541,0,pending
129,297,500,500,wxpay,1772264588,0,pending
130,147,10,10,wxpay,1772268492,0,success
131,299,100,100,wxpay,1772270316,0,pending
132,299,100,100,alipay,1772270356,0,success
133,82,50,50,alipay,1772272833,0,success
134,76,1,1,alipay,1772276364,0,success
135,245,30,30,wxpay,1772276646,0,success
136,302,100,100,wxpay,1772278384,0,success
137,245,38,38,wxpay,1772288385,0,success
138,245,50,50,wxpay,1772298731,0,success
139,23,10,10,alipay,1772299092,0,success
140,76,3,3,wxpay,1772311510,0,success
141,245,50,50,wxpay,1772339542,0,success
142,307,50,50,wxpay,1772346578,0,success
143,299,100,100,alipay,1772347649,0,success
144,182,10,10,wxpay,1772363113,0,success
145,245,50,50,wxpay,1772365582,0,success
146,245,50,50,wxpay,1772386702,0,success
147,76,3,3,wxpay,1772402001,0,success
148,245,50,50,wxpay,1772403494,0,success
149,316,10,10,alipay,1772407188,0,success
150,316,50,50,alipay,1772409234,0,pending
151,316,19,19,alipay,1772409259,0,success
152,276,50,50,alipay,1772428038,0,success
153,276,100,100,wxpay,1772428929,0,success
154,322,10,10,alipay,1772430671,0,success
155,245,50,50,wxpay,1772431515,0,success
156,23,4,4,alipay,1772432306,0,success
157,276,100,100,wxpay,1772434173,0,success
158,328,10,10,wxpay,1772437711,0,success
159,229,100,100,wxpay,1772441477,0,success
160,316,20,20,wxpay,1772443042,0,success
161,331,1,1,alipay,1772444025,0,success
162,329,1,1,alipay,1772445736,0,success
163,326,1,1,wxpay,1772446168,0,pending
164,336,100,100,wxpay,1772466943,0,pending
165,336,50,50,wxpay,1772467096,0,success
166,245,50,50,wxpay,1772467131,0,success
167,299,100,100,alipay,1772469516,0,success
168,76,5,5,wxpay,1772480863,0,success
169,332,100,100,wxpay,1772501094,0,pending
170,332,50,50,wxpay,1772501242,0,pending
171,332,50,50,wxpay,1772501263,0,pending
172,332,50,50,wxpay,1772501297,0,pending
173,332,50,50,wxpay,1772502708,0,success
174,285,1,1,alipay,1772504968,0,success
175,285,10,10,alipay,1772508424,0,success
176,171,25,25,wxpay,1772514045,0,success
177,345,5,5,alipay,1772517571,0,pending
178,345,5,5,wxpay,1772517603,0,pending
179,345,5,5,alipay,1772517635,0,success
180,333,10,10,wxpay,1772518006,0,success
181,333,50,50,wxpay,1772518546,0,success
182,311,10,10,alipay,1772520859,0,success
183,348,10,10,alipay,1772524369,0,pending
184,348,10,10,alipay,1772524457,0,success
185,345,1,1,alipay,1772530087,0,success
186,345,5,5,wxpay,1772531555,0,pending
187,345,5,5,alipay,1772531570,0,success
188,337,10,10,wxpay,1772533797,0,success
189,245,30,30,wxpay,1772534423,0,success
190,171,5,5,wxpay,1772538793,0,success
191,76,2,2,wxpay,1772539577,0,success
192,182,10,10,wxpay,1772543051,0,success
193,367,50,50,wxpay,1772553616,0,pending
194,367,50,50,wxpay,1772553750,0,pending
195,367,50,50,wxpay,1772553756,0,success
196,370,50,50,wxpay,1772561253,0,success
197,371,10,10,wxpay,1772561668,0,success
198,76,1,1,wxpay,1772562427,0,success
199,76,1,1,wxpay,1772567696,0,success
200,308,10,10,alipay,1772587347,0,success
201,316,10,10,wxpay,1772589005,0,success
202,375,5,5,alipay,1772590215,0,success
203,376,10,10,alipay,1772590266,0,pending
204,376,10,10,alipay,1772590722,0,success
205,377,10,10,wxpay,1772594309,0,success
206,383,100,100,wxpay,1772596807,0,success
207,182,1,1,wxpay,1772614455,0,pending
208,182,10,10,wxpay,1772614477,0,success
209,405,10,10,wxpay,1772622508,0,success
210,245,30,30,wxpay,1772629519,0,success
211,23,10,10,alipay,1772634549,0,success
212,414,10,10,alipay,1772635421,0,success
213,417,10,10,alipay,1772637151,0,success
214,420,10,10,alipay,1772640999,0,success
215,421,10,10,alipay,1772641165,0,pending
216,411,50,50,alipay,1772650142,0,pending
217,411,10,10,alipay,1772650162,0,success
218,48,100,100,wxpay,1772655112,0,success
219,245,20,20,wxpay,1772664634,0,success
220,434,10,10,wxpay,1772682404,0,pending
221,235,1,1,alipay,1772685384,0,success
222,443,10,10,wxpay,1772689261,0,success
223,299,100,100,alipay,1772691443,0,success
224,348,10,10,alipay,1772692330,0,success
225,450,10,10,wxpay,1772693723,0,success
226,452,10,10,alipay,1772694351,0,success
227,454,10,10,alipay,1772694768,0,pending
228,332,50,50,wxpay,1772698041,0,success
229,454,500,500,alipay,1772700449,0,pending
230,461,10,10,wxpay,1772702262,0,success
231,434,10,10,wxpay,1772705878,0,success
232,467,1,1,wxpay,1772706336,0,success
233,58,10,10,wxpay,1772708405,0,success
234,476,10,10,wxpay,1772713897,0,success
235,475,50,50,alipay,1772715046,0,success
236,97,100,100,wxpay,1772719930,0,pending
237,480,50,50,alipay,1772720085,0,success
238,76,5,5,wxpay,1772733164,0,success
239,76,5,5,wxpay,1772741551,0,success
240,76,1,1,wxpay,1772744004,0,success
241,76,1,1,wxpay,1772744133,0,success
242,76,5,5,alipay,1772745937,0,success
243,76,5,5,alipay,1772747536,0,success
244,76,10,10,alipay,1772748791,0,success
245,311,10,10,alipay,1772762178,0,success
246,499,50,50,wxpay,1772762741,0,success
247,292,5,5,alipay,1772764512,0,success
248,502,10,10,wxpay,1772767130,0,pending
249,508,50,50,alipay,1772767932,0,pending
250,107,50,50,wxpay,1772768089,0,success
251,512,10,10,alipay,1772770081,0,success
252,442,10,10,wxpay,1772774202,0,pending
253,526,50,50,alipay,1772782169,0,success
254,505,10,10,alipay,1772783936,0,success
255,533,10,10,alipay,1772788177,0,pending
256,533,20,20,alipay,1772788196,0,success
257,345,10,10,wxpay,1772789348,0,success
258,76,10,10,wxpay,1772795109,0,success
259,444,10,10,wxpay,1772796477,0,pending
260,540,10,10,wxpay,1772799267,0,success
261,229,100,100,wxpay,1772845558,0,success
262,551,10,10,wxpay,1772845564,0,success
263,556,2,2,wxpay,1772849186,0,success
264,557,10,10,wxpay,1772851542,0,success
265,449,4,4,wxpay,1772853412,0,success
